{
  "SourceId": "lod",
  "LabSeries": [],
  "LabProfiles": [
    {
      "ContentVersion": 2,
      "HasContent": true,
      "Id": 108148,
      "SourceUrl": "https://labondemand.com/LabProfile/108148",
      "SeriesId": 24225,
      "Name": "Can you use variables in a C# application?",
      "Sku": null,
      "Number": "ICS-005",
      "PlatformId": 2,
      "LanguageId": 1,
      "DevelopmentStatusId": 5,
      "Level": 200,
      "DurationMinutes": 60,
      "Description": null,
      "Enabled": true,
      "ShowNavigationPane": true,
      "AllowCancel": true,
      "AllowSave": true,
      "EnableAutoSave": true,
      "LastConsoleSyncTimeoutMinutes": 15,
      "LastActivityTimeoutMinutes": 60,
      "EnableExpirationNotificationEmail": false,
      "ExpirationNotificationEmailMinutes": 0,
      "EnableScheduledDisablement": false,
      "ScheduledDisableDateTime": null,
      "MinimumAutoSaveTimeInvestment": 5,
      "MinimumSavedLabTimeRemaining": 20,
      "MaxSnapshots": 0,
      "HasVirtualMachinePool": false,
      "ExamShowResult": false,
      "ExamShowResultDetails": false,
      "InheritLifeCycleActions": false,
      "Networks": [
        {
          "Id": 127395,
          "Name": "Unnamed Network",
          "Description": null,
          "PhysicalNetworkAdapterName": null,
          "IsStudentVisible": false,
          "DevelopmentOnly": false,
          "Type": 10,
          "VLanId": null,
          "GatewayAddress": "192.168.1.1",
          "SubnetMask": "255.255.255.0",
          "EnableDhcp": true,
          "DhcpStart": "192.168.1.100",
          "DhcpEnd": "192.168.1.200",
          "SubnetId": null,
          "EnableNat": false,
          "CustomNetworkId": null,
          "AccessControlListId": null
        }
      ],
      "Machines": [
        {
          "Id": 252467,
          "MachineProfileId": 167769,
          "DisplayName": "Win10-Dev",
          "IsStudentVisible": true,
          "AutoStart": true,
          "InitialSystemTime": null,
          "IsHostTimeSyncEnabled": true,
          "StartupDelaySeconds": null,
          "SortOrder": 0,
          "FloppyMediaId": null,
          "DvdMediaId": null,
          "NetworkConnections": [
            {
              "Id": 392122,
              "NetworkProfileId": 127395,
              "AdapterId": 276246,
              "IsStudentVisible": false
            }
          ],
          "StartStateDisks": [],
          "WaitForHeartbeat": true,
          "ResumeOrder": 0,
          "ResumeDelaySeconds": null,
          "ReplacementTokenAlias": "Win10-Dev(CL-Dev)",
          "AllowDesktopConnections": true,
          "AllowSshConnections": false,
          "TrackLabInstanceData": false
        }
      ],
      "RemovableMediaIds": [],
      "MachinePool": [],
      "MachinePoolMembers": [],
      "Resources": [],
      "ContainerImages": [],
      "ContainerNetworks": [],
      "CloudPortalCredentialProfilesJson": "[]",
      "LifeCycleActions": [],
      "CodeLanguages": null,
      "CodeTests": null,
      "EnableCodeLabFabric": false,
      "CloudSubscriptionInstancePolicies": [],
      "CloudResourceGroups": [],
      "CloudCredentialPoolAssignments": [],
      "Activities": [
        {
          "Id": 75850,
          "SortIndex": 0,
          "ActivityGroupId": null,
          "ActivityGroup": null,
          "Name": "TaskOneCheck",
          "ReplacementTokenAlias": "YourFirstCheck",
          "Type": 40,
          "Text": null,
          "CaseSensitive": false,
          "Scored": false,
          "PartialScore": false,
          "ScoreValue": 1,
          "Required": false,
          "BlocksNavigation": false,
          "BlocksNavigationUntilPassed": false,
          "OnDemandEvaluation": true,
          "OnDemandEvaluationButtonText": "Verify",
          "OnDemandEvaluationButtonBelowTaskList": true,
          "AllowRetry": true,
          "CorrectResponse": null,
          "IncorrectResponse": null,
          "TextAnswer": null,
          "DisplayScriptsAsTaskList": true,
          "RandomizeAnswerSequence": false,
          "ShowResultsInReports": true,
          "CodeLanguagesJSON": null,
          "Answers": [],
          "Scripts": [
            {
              "Id": 30227,
              "Text": "Verify that you have written a header to the console which contains the words/phrases Planet, Gravity(m/s²), GravityVariance(m/s²) and Weight70kg(N) with each phrase separated by a comma character.",
              "ScoreValue": 1,
              "TargetId": 167769,
              "Language": 0,
              "Script": "#This script works as of 10/30/2021.\n\nd:\ncd \\labfiles\nrm -Recurse -Force -ErrorAction SilentlyContinue bin\nrm -Recurse -Force -ErrorAction SilentlyContinue obj\ncd \\labfiles\\csvariables\n$myActivityOutput = dotnet run\n$test = $myActivityOutput -like \"*Planet*\"\n$test = $test -and $myActivityOutput -like \"*Gravity(m/s²)*\"\n$test = $test -and $myActivityOutput -like \"*GravityVariance(m/s²)*\"\n$test = $test -and $myActivityOutput -like \"*Weight70kg(N)*\"\n#If ($myActivityOutput -eq \"Planet,Gravity(m/s²),GravityVariance(m/s²),Weight70kg(N)\") {$result=$true} Else {$result=$false}\n#$myActvityOutput\n$result=$test\n$result\n",
              "CorrectResponse": "Congratulations! You have written a correctly-defined header to the console in the CSVariables application.",
              "IncorrectResponse": "You still need to write a correctly-defined header to the console in the CSVariables application.",
              "SortIndex": 0,
              "ScriptEngineImageId": null,
              "ShowOutputToUser": true,
              "Enabled": true,
              "SubscriptionToken": null,
              "ScriptEnginePackagesJson": null,
              "Outcomes": []
            }
          ],
          "CodeTests": [],
          "Outcomes": []
        },
        {
          "Id": 75851,
          "SortIndex": 0,
          "ActivityGroupId": null,
          "ActivityGroup": null,
          "Name": "TaskTwoCheck",
          "ReplacementTokenAlias": "YourSecondCheck",
          "Type": 40,
          "Text": null,
          "CaseSensitive": false,
          "Scored": false,
          "PartialScore": false,
          "ScoreValue": 1,
          "Required": false,
          "BlocksNavigation": false,
          "BlocksNavigationUntilPassed": false,
          "OnDemandEvaluation": true,
          "OnDemandEvaluationButtonText": "Verify",
          "OnDemandEvaluationButtonBelowTaskList": true,
          "AllowRetry": true,
          "CorrectResponse": null,
          "IncorrectResponse": null,
          "TextAnswer": null,
          "DisplayScriptsAsTaskList": true,
          "RandomizeAnswerSequence": false,
          "ShowResultsInReports": true,
          "CodeLanguagesJSON": null,
          "Answers": [],
          "Scripts": [
            {
              "Id": 30228,
              "Text": "Verify that you have used variables to hold, calculate and display the data for planets, their gravity, the difference between their gravity & that of the Earth and the weight of a person of mass 70kg on each planet.",
              "ScoreValue": 1,
              "TargetId": 167769,
              "Language": 0,
              "Script": "#This script works as of xxx\n$result = $false\n[string]$myActivityOutput = ''\n\n$TestData = 'Planet,Gravity(m/s²),GravityVariance(m/s²),Weight70kg(N) Mercury,3.70,-6.11,259.00 Venus,8.87,-0.94,620.90 Earth,9.81,0.00,686.70 Mars,3.71,-6.10,259.70 Jupiter,24.92,15.11,1744.40 Saturn,10.44,0.63,730.80 Uranus,8.87,-0.94,620.90 Neptune,11.15,1.34,780.50 Pluto,0.58,-9.23,40.60'\n\nd:\ncd \\labfiles\nrm -Recurse -Force -ErrorAction SilentlyContinue bin\nrm -Recurse -Force -ErrorAction SilentlyContinue obj\ncd \\labfiles\\csvariables\n$myActivityOutput = dotnet run\n$test = $myActivityOutput -like \"*Planet*\"\n$test = $test -and $myActivityOutput -like \"*Gravity(m/s²)*\"\n$test = $test -and $myActivityOutput -like \"*GravityVariance(m/s²)*\"\n$test = $test -and $myActivityOutput -like \"*Weight70kg(N)*\"\n$test = $test -and $myActivityOutput -like \"*Earth,9.81,0.00,686.70*\"\n$test = $test -and $myActivityOutput -like \"*Jupiter,24.92,15.11,1744.40*\"\n#If ($myActivityOutput -eq $TestData) {$result = $true} Else {$result = $false}\n\n#$myActivityOutput\n$result=$test\n$result\n\n\n\n\n",
              "CorrectResponse": "Congratulations!  You have successfully used variables for holding, calculating and displaying data.",
              "IncorrectResponse": "You still need to use variables for holding, calculating and displaying data.",
              "SortIndex": 0,
              "ScriptEngineImageId": null,
              "ShowOutputToUser": true,
              "Enabled": true,
              "SubscriptionToken": null,
              "ScriptEnginePackagesJson": null,
              "Outcomes": []
            }
          ],
          "CodeTests": [],
          "Outcomes": []
        },
        {
          "Id": 76416,
          "SortIndex": 1,
          "ActivityGroupId": null,
          "ActivityGroup": null,
          "Name": "TaskThreeCheck",
          "ReplacementTokenAlias": "YourThirdCheck",
          "Type": 40,
          "Text": null,
          "CaseSensitive": false,
          "Scored": false,
          "PartialScore": false,
          "ScoreValue": 1,
          "Required": false,
          "BlocksNavigation": false,
          "BlocksNavigationUntilPassed": false,
          "OnDemandEvaluation": true,
          "OnDemandEvaluationButtonText": "Verify",
          "OnDemandEvaluationButtonBelowTaskList": true,
          "AllowRetry": true,
          "CorrectResponse": "Congratulations you have output a closing message and the current date to the screen.",
          "IncorrectResponse": "You still need to output a closing message and the current date to the screen.",
          "TextAnswer": null,
          "DisplayScriptsAsTaskList": true,
          "RandomizeAnswerSequence": false,
          "ShowResultsInReports": true,
          "CodeLanguagesJSON": null,
          "Answers": [],
          "Scripts": [
            {
              "Id": 30647,
              "Text": "Verify that you have output an additional closing message of \"All calculations are complete.\" to the screen followed by the current date on a new line.",
              "ScoreValue": 1,
              "TargetId": 167769,
              "Language": 0,
              "Script": "#This script works as of xxx\n$myActivityDate = (get-date).ToString(\"dddd, MMMM d, yyyy\")\n\n#The blank line in the variable below is important\n#Adrian, I am making a couple of modifications. The original is commented out.\n#$myActivityMessage = \"All calculations are complete. $myActivityDate\"\n$completionMessage = \"All calculations are complete.\"\n$dateString = \"$myActivityDate\"\n\n\n[string]$myActivityOutput = ''\n\n#$TestData = 'Planet,Gravity(m/s²),GravityVariance(m/s²),Weight70kg(N) Mercury,3.70,-6.11,259.00 Venus,8.87,-0.94,620.90 Earth,9.81,0.00,686.70 Mars,3.71,-6.10,259.70 Jupiter,24.92,15.11,1744.40 Saturn,10.44,0.63,730.80 Uranus,8.87,-0.94,620.90 Neptune,11.15,1.34,780.50 Pluto,0.58,-9.23,40.60  ' + $myActivityMessage\n\nd:\ncd \\labfiles\nrm -Recurse -Force -ErrorAction SilentlyContinue bin\nrm -Recurse -Force -ErrorAction SilentlyContinue obj\ncd \\labfiles\\csvariables\n$myActivityOutput = dotnet run\n$test = $myActivityOutput -like \"*Planet*\"\n$test = $test -and $myActivityOutput -like \"*Gravity(m/s²)*\"\n$test = $test -and $myActivityOutput -like \"*GravityVariance(m/s²)*\"\n$test = $test -and $myActivityOutput -like \"*Weight70kg(N)*\"\n$test = $test -and $myActivityOutput -like \"*Earth,9.81,0.00,686.70*\"\n$test = $test -and $myActivityOutput -like \"*Jupiter,24.92,15.11,1744.40*\"\n$test = $test -and $myActivityOutput -like \"*$completionMessage*\"\n$test = $test -and $myActivityOutput -like \"*$myActivityDate*\"\n#$test = $test -and $myActivityOutput -like $myActivityMessage\n#If ($myActivityOutput -eq $TestData) {$result = $true} Else {$result = $false}\n\n#$myActivityOutput\n$result=$test\n$result",
              "CorrectResponse": "Congratulations you have output a closing message of \"All calculations are complete.\" to the screen followed by the current date on a new line.",
              "IncorrectResponse": "You still need to output a closing message of \"All calculations are complete.\" to the screen followed by the current date on a new line.",
              "SortIndex": 0,
              "ScriptEngineImageId": null,
              "ShowOutputToUser": true,
              "Enabled": true,
              "SubscriptionToken": null,
              "ScriptEnginePackagesJson": null,
              "Outcomes": []
            }
          ],
          "CodeTests": [],
          "Outcomes": []
        }
      ],
      "ActivityGroups": [],
      "MinInstanceStorageGb": 20,
      "AllowTimeExtensions": true,
      "AllowExtendExpiration": 0,
      "Ram": 4608,
      "NavigationBarWidth": 400,
      "PreinstanceBatchSize": 1,
      "PreinstanceStockLevel": 0,
      "SavePreinstances": true,
      "PreinstanceSaveDelaySeconds": 0,
      "ShowContentTab": true,
      "ShowMachinesTab": true,
      "ShowSupportTab": true,
      "IsExam": false,
      "ExamPassingScore": 1,
      "EndUrl": null,
      "OwnerName": null,
      "OwnerEmail": null,
      "RequireHyperVEnhancedController": false,
      "CustomContentTabLabel": null,
      "CustomMachinesTabLabel": null,
      "CustomSupportTabLabel": null,
      "CloudPlatform": null,
      "IntroductionContentUrl": null,
      "IntroductionContentMinimumDisplaySeconds": null,
      "AnonymousLaunchExpires": null,
      "AnonymousSaveMaxDays": 7,
      "AnonymousSaveMaxSessions": 5,
      "ShowTimer": true,
      "StorageLoadingPriority": 20,
      "InheritStorageAvailability": true,
      "CloudSubscriptionPoolId": null,
      "EnableNavigationWarning": true,
      "ShowVirtualMachinePowerOptions": true,
      "StartStateDirectoryPath": null,
      "EnableInstanceLinkSharing": false,
      "ExpectedDurationMinutes": 60,
      "EnableCopyPaste": true,
      "LtiOutcomeScoringPolicy": 0,
      "LtiOutcomeScoringFormat": 0,
      "LtiOutcomePassingScoreMinutes": 15,
      "LtiOutcomePassingScoreTaskCompletePercentage": 70,
      "DefaultVirtualMachineProfileId": 167769,
      "DefaultVirtualMachineLabPoolProfileId": null,
      "DefaultResourceId": null,
      "NumVirtualMachines": 1,
      "NumPublicIpAddresses": 0,
      "RequiresNestedVirtualization": true,
      "PremiumPrice": 1.4625,
      "CustomPremiumPrice": null,
      "ExpectedCloudCost": null,
      "CloudPortalUrl": null,
      "OverrideCloudPortalUrl": false,
      "EnableAutomaticPortalLogin": false,
      "DeployDefaultResources": false,
      "Instructions": "<!---6/30/2020--->\n<!---initial creation date 11/04/2021--->\n\n\n\n\n!INSTRUCTIONS[advanced](https://raw.githubusercontent.com/LODSContent/Public-Templates/master/General/itpc-advanced.md)\n\n> [challenge-name]:Can You Create a C# Console Application That Uses Variables?\n\n>[overview]:\n>\n>## Understand the scenario\n>\n>You are a C# developer. You need to use variables in your applications. First, you will create a console application, and then you will define a header for formatted output of variables. Next, you will use single variables of different types to hold values, and then you will output those values to the console using the formatted table. Finally, you will output a completion message and the current date to the screen.\n>\n>## Understand your environment\n>You will be using Visual Studio Code&reg; and the C# programming language.\n\n====\n\n\n# Create and run a new console application called CSVariables\n\n- Sign in to @lab.VirtualMachine(Win10-Dev(CL-Dev)).SelectLink as +++@lab.VirtualMachine(Win10-Dev(CL-Dev)).Username+++ by using +++@lab.VirtualMachine(Win10-Dev(CL-Dev)).Password+++ as the password.\n\n    >[!TIP] Select the +++Type Text+++ icon to enter the associated text into the virtual machine.\n\n- Create a new +++console+++ application named +++CSVariables+++ in a Visual Studio Code terminal window by using the [dotnet new](https://docs.microsoft.com/en-us/dotnet/core/tools/dotnet-new \"The dotnet new command documentation\") command.\n\n    >[!HINT]<details>\n    ><summary>Expand this hint for guidance on creating and running a new console application.</summary>\n    >\n    >- Review the documentation on [new console applications](https://docs.microsoft.com/en-us/dotnet/core/tutorials/with-visual-studio-code).\n    >\n    ></details>\n\n- Change the application so that it writes a string to the console which contains the words/phrases **Planet**, **Gravity(m/s&sup2;)**, **GravityVariance(m/s&sup2;)** and **Weight70kg(N)** with each word/phrase separated by a single **comma** character\n\n    >[!HINT]<details>\n    ><summary>Expand this hint for guidance on using Unicode characters in strings.</summary>\n    >\n    >- Review documentation on inserting [Unicode characters](https://support.microsoft.com/en-us/topic/insert-ascii-or-unicode-latin-based-symbols-and-characters-d13f58d3-7bcb-44a7-a4d5-972ee12e50e0).\n    >\n    ></details>\n\n- Save your changes and then run the application.\n\n    >[!HINT]<details>\n    ><summary>Expand this hint for guidance on running a .NET application.</summary>\n    >\n    >- Review documentation on running a [.NET](https://docs.microsoft.com/en-us/dotnet/core/tools/dotnet-run) application.\n    >\n    ></details>\n\n- Your result should look like:\n\n!IMAGE[ICS-005-Task1.png](ICS-005-Task1.png)\n<!--- Technical Review steps:\n\n- Open Visual Studio Code from the desktop\n\n- In the terminal window at the bottom of Visual Studio Code, execute the following:\n\n            dotnet new console -o CSVariables\n\n- In the Explorer window, expand the CSVariables entry and select Program.cs\n- Replace line 9 with:\n\n            Console.WriteLine(\"Planet, Gravity(m/s²), GravityVariance(m/s²) and Weight70kg(N)\");\n\n- Save the file\n\n- Execute the following from the Terminal window:\n\ncd CSVariables\ndotnet run\n\n- Verify that the code runs and passes verification.\n--->\n\n##Check your work\n\n@lab.Activity(YourFirstCheck)\n\n====\n\n# Use variables to display data on Jupiter, its gravity, its gravity minus that of the Earth and the calculated weight of an object on Jupiter\n\n>[!Knowledge]The weight of an object is calculated using the formula **weight** = **mass** multiplied by **gravity**.\n\n- Declare variables of suitable data types for calculation and display using planetary data from this table:\n\n    |Planet|Gravity|\n    |:--|:--|\n    |Earth|**9.81** metres per second|\n    |Jupiter|**24.92** metres per second|\n\n- Beginning on the line below the one you have so far written to the console, display comma-separated lines for Earth and Jupiter showing the planet's name, its gravity, its gravity minus that of Earth and the weight of a 70kg object on the planet.\n\n- Save your changes and then run the application.\n- Your result should look like:\n\n!IMAGE[ICS-005-Task2.jpg](ICS-005-Task2.jpg)\n\n<!--- Technical Review steps:\n\n- Open Visual Studio Code from the desktop\n\n- In the Explorer window, expand the CSVariables entry and select Program.cs\n\n- Replace code in Program.cs with:\n\n            Console.WriteLine(\"Planet,Gravity(m/s\\u00b2),GravityVariance(m/s\\u00b2),Weight70kg(N)\");\n\n            string thePlanet;\n            decimal planetGravity;\n            decimal planetGravityVariance;\n            decimal personWeight;\n\n            thePlanet = \"Earth\";\n            planetGravity = 9.81M;\n            planetGravityVariance = planetGravity - 9.81M;\n            personWeight = 70 * planetGravity;\n            Console.WriteLine(thePlanet + \",\" + planetGravity + \",\" + planetGravityVariance + \",\" + personWeight);\n\n            thePlanet = \"Jupiter\";\n            planetGravity = 24.92M;\n            planetGravityVariance = planetGravity - 9.81M;\n            personWeight = 70 * planetGravity;\n            Console.WriteLine(thePlanet + \",\" + planetGravity + \",\" + planetGravityVariance + \",\" + personWeight);          \n\n- Save the file\n\n- Execute the following from the Terminal window:\n\n            cd CSVariables\n            dotnet run\n\n- Verify that the code runs and passes verification.\n--->\n\n## Check your work\n\n@lab.Activity(YourSecondCheck)\n\n===\n\n# Create a completion message in the application including today's date in a string\n\n- Under the data so far written to the console, leave a blank line and then output a message to display text saying \"**All calculations are complete.**\"\n\n- On the line below the completion message output the name of the day, the full month name, the day of the month, and the year to the screen.\n\n>[!HINT]<details>\n    ><summary>Expand this hint for guidance on working with dates and times.</summary>\n    >\n    >- Review the documentation on working with [dates and times](https://docs.microsoft.com/en-us/dotnet/api/system.datetime.today?view=net-5.0).\n    >\n    ></details>\n\n- Save your changes and run the application.\n\n- Your result should look like:\n\n!IMAGE[ICS-005-Task3.jpg](ICS-005-Task3.jpg)\n\n<!--- Technical Review steps:\n\n- Open Visual Studio Code from the desktop\n\n- In the Explorer window, expand the CSVariables entry and select Program.cs\n\n- Replace code in Program.cs with:\n\n            Console.WriteLine(\"Planet,Gravity(m/s\\u00b2),GravityVariance(m/s\\u00b2),Weight70kg(N)\");\n\n            string thePlanet;\n            decimal planetGravity;\n            decimal planetGravityVariance;\n            decimal personWeight;\n\n            thePlanet = \"Earth\";\n            planetGravity = 9.81M;\n            planetGravityVariance = planetGravity - 9.81M;\n            personWeight = 70 * planetGravity;\n            Console.WriteLine(thePlanet + \",\" + planetGravity + \",\" + planetGravityVariance + \",\" + personWeight);\n\n            thePlanet = \"Jupiter\";\n            planetGravity = 24.92M;\n            planetGravityVariance = planetGravity - 9.81M;\n            personWeight = 70 * planetGravity;\n            Console.WriteLine(thePlanet + \",\" + planetGravity + \",\" + planetGravityVariance + \",\" + personWeight);\n\n            Console.WriteLine(\"\\nAll calculations are complete.\");\n            Console.WriteLine(DateTime.Today.ToString(\"D\"));\n          \n- Save the file\n\n- Execute the following from the Terminal window:\n\n            cd CSVariables\n            dotnet run\n\n- Verify that the code runs and passes verification.\n--->\n\n## Check your work\n\n@lab.Activity(YourThirdCheck)\n\n===\n\n# Summary\n\nCongratulations, you have completed the **Can you use variables in a C# application?** challenge.\n\nYou have accomplished the following:\n\n- Created a console application and defined a header for formatted output of variables.\n- Used variables of different types to correctly manage different types of values.\n- Used variables to output information to the user.\n- Output a closing message and the current date to the screen.\n\n:::feedback\n\n!instructions[](https://raw.githubusercontent.com/LODSContent/ChallengeTemplates/master/Boilerplate/Feedback.md).\n\n:::\n\n## Other challenges in this series\n\n- GUIDED CHALLENGE: Create a C# console application that uses literals and variables\n\n- GUIDED CHALLENGE: Manage Strings in C#\n\n- GUIDED CHALLENGE: Manage Numbers in C#\n\n- GUIDED CHALLENGE: Manage Dates and Times in C#",
      "AppendLabDataToCloudPortalUrl": false,
      "TerminateOnFailedDeployment": false,
      "SendNotificationOnFailedDeployment": false,
      "EnableTaskProgressTracking": false,
      "EnableTaskAutoChecking": true,
      "TimeExtensionMinutes": 15,
      "TimeExtensionShowNotificationMinutes": 10,
      "EnableBugReporting": false,
      "BugReportEmailAddress": null,
      "DisplayDelaySeconds": null,
      "DisplayDelayMessage": null,
      "MaxActiveLabInstances": null,
      "ThemeId": null,
      "LabTags": [
        {
          "Id": 440,
          "Expires": null
        },
        {
          "Id": 482,
          "Expires": null
        },
        {
          "Id": 536,
          "Expires": null
        }
      ],
      "LabHostTags": [],
      "VariablesJson": null,
      "InstructionsReplacementsJson": null,
      "NumVcpus": 6,
      "LabFabricBuildSequence": 10,
      "AllowDisconnect": false,
      "CloudDatacenterAvailability": [],
      "RecordRdpSession": false,
      "ExamScoringItems": [],
      "Exercises": [],
      "AllowMultipleActiveInstancesPerUser": false,
      "AllowLabInstanceNaming": false,
      "NumExposedContainerPorts": 0,
      "NumCloudSubscriptionNeeded": 1
    }
  ],
  "VirtualMachineProfiles": [
    {
      "Id": 167769,
      "SeriesId": 24047,
      "Name": "Win10-Dev (CL-Dev)",
      "Description": null,
      "PlatformId": 2,
      "OperatingSystem": "Windows 10",
      "Ram": 4096,
      "HostIntegrationEnabled": true,
      "Username": "Admin",
      "Password": "Passw0rd!",
      "ScreenWidth": 1024,
      "ScreenHeight": 768,
      "Cmos": null,
      "BootOrder": "1,2,3,0",
      "EnableDynamicScreenResizing": true,
      "OperatingSystemValue": "windows9_64Guest",
      "EnableNestedVirtualization": true,
      "HideVirtualizationFromGuestOs": true,
      "NumProcessors": 4,
      "NumCoresPerProcessor": 1,
      "VideoRam": 32,
      "Enable3DVideo": false,
      "EnableHostCompatibility": false,
      "RdpFileText": null,
      "HardDisks": [
        {
          "Id": 1785532,
          "FilePath": "ChallengeLabs\\ChallengeBaseVHDs\\Windows10_09.2021\\Win10-v2004-DevBase_Disk0.vhdx",
          "ScsiAdapterId": 162473,
          "AttachmentIndex": 0,
          "SortOrder": 0,
          "DifferencingDiskId": null,
          "IsOsDisk": false
        },
        {
          "Id": 1785533,
          "FilePath": "ChallengeLabs\\BaseVHDs\\Win10_2004\\Win10-v2004-Base_Disk1_F.vhdx",
          "ScsiAdapterId": 162473,
          "AttachmentIndex": 1,
          "SortOrder": 1,
          "DifferencingDiskId": null,
          "IsOsDisk": false
        }
      ],
      "NetworkAdapters": [
        {
          "Id": 276246,
          "Name": "LAN1",
          "EthernetAddress": "00155D018000",
          "HardwareId": "8ac26c77-ef88-4f6f-9158-0ba1f59823e7",
          "IsLegacy": false,
          "AllowMacSpoofing": true,
          "VLanId": null,
          "SortOrder": 0,
          "TypeId": 0,
          "MonitoringMode": 0
        }
      ],
      "ScsiAdapters": [
        {
          "Id": 162473,
          "ScsiId": 7,
          "IsBusShared": false,
          "TypeId": 0,
          "SortOrder": 0
        }
      ],
      "DvdRomDrives": [
        {
          "Id": 161599,
          "AttachmentIndex": 2,
          "ScsiAdapterId": 162473
        }
      ],
      "TargetResourceGroup": null,
      "CloudOperatingSystemType": 0,
      "Enabled": true,
      "AllowDiskUpdatesInLabConsole": true,
      "Generation": 2,
      "HardwareVersion": 14,
      "UseEnhancedSessionMode": true,
      "ColorDepth": 0,
      "RedirectSmartCards": false,
      "RedirectPrinters": false,
      "RedirectDrives": false,
      "RedirectDevices": false,
      "CaptureAudioInput": false,
      "RedirectAudioOutput": false,
      "RedirectClipboard": true,
      "AttemptAutoLogon": true,
      "MachineType": "A0",
      "ExternalMachineImage": null,
      "ExternalMachineImageRegion": null,
      "ExternalMachineImageAccount": null,
      "BiosGuid": null,
      "EnableTrustedPlatformModule": true,
      "EnableSecureBoot": true,
      "UseEfi": false
    }
  ],
  "RemovableMedia": [],
  "CloudTemplates": [],
  "AccessControlPolicies": [],
  "AccessControlLists": [],
  "ContainerImages": []
}